{"current":{"color_account_bg":"#212121","color_account_text":"#d4d4d4","color_header_bg":"#353535","color_header_text":"#ffffff","color_body_bg":"#ffffff","color_body_text":"#3c3c3c","color_primary":"#000000","color_splash":"#5197e0","color_border":"#cfcfcf","homepage_background_light":"#f7f7f7","homepage_background_dark":"#585858","product_background_color":"#ffffff","product_slideshow_arrows":"#cfcfcf","color_footer_bg":"#383838","color_footer_text":"#e3e3e3","color_footer_social_link":"#767676","type_header_font":"oswald_n4","type_heading_size":100,"font_title_capitalize":true,"type_accent_font":"montserrat_n4","type_accent_size":100,"type_base_font":"assistant_n4","type_body_size":100,"cart_type":"page","cart_show_on_click":true,"cart_vendor_enable":false,"cart_notes_enable":true,"cart_quantity":false,"cart_show_additional_buttons":false,"cart_continue_browsing":"http:\/\/epsovens.com","collection_text_alignment":"text-left","product_grid_style":"hover","image_hover_enable":true,"image_autoheight_enable":true,"tag_sellout":false,"tag_sale":true,"tag_new":false,"tag_new_limit":14,"social_twitter_link":"","social_facebook_link":"","social_instagram_link":"","social_pinterest_link":"","social_google_link":"","social_youtube_link":"","social_vimeo_link":"","social_tumblr_link":"","social_fancy_link":"","product_social_enable":false,"share_enable_facebook":true,"share_enable_pinterest":true,"share_enable_google":false,"share_enable_twitter":true,"twittercard_handle":"","social_home_image":"","favicon":"shopify:\/\/shop_images\/eps-dark.png","checkout_header_image":"","checkout_logo_image":"","checkout_logo_position":"left","checkout_logo_size":"medium","checkout_body_background_image":"","checkout_body_background_color":"#fff","checkout_input_background_color_mode":"white","checkout_sidebar_background_image":"","checkout_sidebar_background_color":"#fafafa","checkout_heading_font":"Open Sans","checkout_body_font":"Open Sans","checkout_accent_color":"#8b1e1e","checkout_button_color":"#e73131","checkout_error_color":"#ff862b","checkout_use_header_image":false,"checkout_logo":"","checkout_use_body_background_image":false,"checkout_use_sidebar_background_image":false,"sections":{"header":{"type":"header","settings":{"logo":"shopify:\/\/shop_images\/eps-logo.png","logo_max_limit":250,"main_menu_linklist":"main-menu","height":"header--small","meganav_image":"","meganav_link":"","header_message":"Some of our products have free freight included! Browse our products to see if they qualify.","header_message_url":"shopify:\/\/pages\/manufacturers","header_enable_account":false,"header_enable_search":true,"search_only_products":false}},"footer":{"type":"footer","blocks":{"1532468548243":{"type":"text","settings":{"title":"Contact Us","text":"<p>If you have any questions or even need help on figuring out where to start, go ahead and just send us a message! You don't need to have an product already chosen, we can help you right from the start. Just click <a href=\"\/pages\/contact-us\" title=\"Contact Us\">here<\/a>, or use our contact information.&nbsp;<\/p>"}},"text":{"type":"text","settings":{"title":"Contact Information","text":"<p>Phone: +1 (888) 663-8038<\/p>\n<p>Email:&nbsp;SALES@EPSOVENS.COM<\/p>"}}},"block_order":["1532468548243","text"],"settings":{"footer_image":"","footer_secondary_linklist":"footer","footer_payment_enable":false,"footer_social_enable":false}},"product":{"type":"product","settings":{"product_breadcrumbs":true,"show_quantity":false,"enable_payment_button":false,"product_nav_enable":false,"product_show_vendor":true,"zoom_enable":true,"related_products_enable":true,"product_reviews_enable":false,"info_page":"","tabs_position":"below"}},"collection":{"type":"collection","settings":{"grid_setting_large":4,"grid_setting_medium":2,"grid_setting_small":2,"collection_custom_nav_list":"browse","collection_standard_nav":false,"collection_type_nav":false,"collection_vendor_nav":false,"collection_tag_nav":false,"collection_sorting":true,"image_height":"use_screen_one_fifth","overlay_opacity":100,"text_color":"homepage--dark","parallax":true}},"blog":{"type":"blog","settings":{"layout":"grid","blog_show_meta":true,"image":"","overlay_opacity":0,"text_color":"homepage--light","parallax":true,"tags":false}},"article":{"type":"article","settings":{"blog_show_meta":true,"tags":true,"social":true,"image_height":"use_screen_one_third","parallax":true,"sidebar_tags":true,"recent":true}},"index-banner-image":{"type":"index-banner-image","settings":{"image":"shopify:\/\/shop_images\/furnace-flame.jpg","height":"use_screen_one_third","overlay_opacity":70,"parallax":true,"title":"Have Questions about your next oven or furnace?","description":"Send us an email or an inquiry. We want to help you find the right product, specific for your needs.","text_align":"text-center","color":"homepage--white","link_text":"Send us an Inquiry","link":"shopify:\/\/pages\/contact-us","button_style":"btn btn--large btn--clear btn--square uppercase","button_image":""}},"index-product":{"type":"index-product","settings":{"title":"Featured product","home_product":"","homepage_product_color":"homepage--white","show_quantity":true,"enable_payment_button":false,"product_show_vendor":false,"zoom_enable":false,"info_page":"","tabs_position":"below"}},"index-blog":{"type":"index-blog","settings":{"title":"Heat Treat Headlines","homepage_blog":"heat-treat-headlines","homepage_blog_count":3,"homepage_blog_color":"homepage--white"}},"index-logos":{"type":"index-logos","blocks":{"index-logos-0":{"type":"logo_image","settings":{"image":"shopify:\/\/shop_images\/Cress-Manufacturing_709c74cc-e3f4-411b-b5b6-d1b902baebfe.jpg","link":"shopify:\/\/pages\/cress-manufacturing"}},"index-logos-1":{"type":"logo_image","settings":{"image":"shopify:\/\/shop_images\/ShelLab.jpg","link":"shopify:\/\/pages\/shel-lab"}}},"block_order":["index-logos-0","index-logos-1"],"settings":{"title":"Click Below to check out our most trusted brands","homepage_logos_bg_color":"homepage--white"}},"1531009636605":{"type":"index-logos","blocks":{"1531009636605-0":{"type":"logo_image","settings":{"image":"shopify:\/\/shop_images\/CascadeSciences_a17e5741-5913-4c82-863f-e38dc395bfe1.jpg","link":"shopify:\/\/pages\/cascade-sciences"}},"1531009636605-1":{"type":"logo_image","settings":{"image":"shopify:\/\/shop_images\/Gruenberg_d12a1e22-fc02-4f3b-91ab-0bcfdcb21bbe.jpg","link":"shopify:\/\/pages\/gruenberg"}},"1531009636605-2":{"type":"logo_image","settings":{"image":"shopify:\/\/shop_images\/BlueM_2426c725-ee2e-4c9c-89a3-aac1b590c6d5.jpg","link":"shopify:\/\/pages\/blue-m"}},"1531009636605-3":{"type":"logo_image","settings":{"image":"shopify:\/\/shop_images\/CascadeTEK_364af361-c309-46c1-8e70-2d52de48ba82.jpg","link":"shopify:\/\/pages\/cascade-tek"}}},"block_order":["1531009636605-0","1531009636605-1","1531009636605-2","1531009636605-3"],"settings":{"title":"","homepage_logos_bg_color":"homepage--white"}},"list-collections":{"type":"list-collections","blocks":{"1531014325226":{"type":"collection","settings":{"collection":""}},"1531014679176":{"type":"collection","settings":{"collection":""}},"1531014695516":{"type":"collection","settings":{"collection":""}},"1531014705976":{"type":"collection","settings":{"collection":""}},"1531014712958":{"type":"collection","settings":{"collection":""}},"1531014723656":{"type":"collection","settings":{"collection":""}},"1531014741645":{"type":"collection","settings":{"collection":""}},"1531014754330":{"type":"collection","settings":{"collection":""}},"1531014756500":{"type":"collection","settings":{"collection":""}},"1531014776735":{"type":"collection","settings":{"collection":""}},"1531014786114":{"type":"collection","settings":{"collection":""}}},"block_order":["1531014325226","1531014679176","1531014695516","1531014705976","1531014712958","1531014723656","1531014741645","1531014754330","1531014756500","1531014776735","1531014786114"],"settings":{"display_type":"selected","grid":6,"rows":1}},"index-columns":{"type":"index-columns","blocks":{"1531019489154":{"type":"text_block","settings":{"enable_image":true,"image":"shopify:\/\/shop_images\/BENCH-TOP-HEAT-TREAT-FURNACES.jpg","title":"BENCH TOP HEAT TREAT FURNACES","text":"<p>The Bench Top line of Cress Furnaces is designed for general use in the shop, laboratory or on the production floor, where temperatures from 300F to 2250F, with an option for 2400F if needed, are required.&nbsp; These furnaces are used in a wide variety of testing and heat treating applications.<\/p>","button_label":"Shop BENCH TOP HEAT TREAT FURNACES","button_link":"shopify:\/\/collections\/bench-top-heat-treat-furnaces"}},"1531019491293":{"type":"text_block","settings":{"enable_image":true,"image":"shopify:\/\/shop_images\/BENCH-TOP-TEMPERING-FURNACES.jpg","title":"BENCH TOP TEMPERING FURNACES","text":"<p>The Cress Bench Top Tempering Furnaces are equipped with a stainless steel fan and motor assembly to provide for forced convection to attain the uniformity needed at the temperatures used for draw, tempering and other related applications.&nbsp; The normal operating range for these units is 300F to 1250F, but an option for a maximum operating temperature of 2000F is available for those operations where high temperature heat treating and draw or temper are to be done in the same unit.<\/p>","button_label":"Shop BENCH TOP TEMPERING FURNACES","button_link":"shopify:\/\/collections\/bench-top-tempering-furnaces"}},"1531019493925":{"type":"text_block","settings":{"enable_image":true,"image":"shopify:\/\/shop_images\/TOOL-ROOM-DUAL-CHAMBER-FURNACES.jpg","title":"TOOL ROOM DUAL CHAMBER FURNACES","text":"<p>The Cress Dual Chamber Furnaces are designed for those applications where a high temperature heat treat furnace, a quench tank plus a separate chamber for draw or temper are needed in one unit to minimize floor space.&nbsp; The two chambers allow for immediate draw or temper after quench without waiting for the chamber to cool to the lower temperature required, as would be the case with a single chamber unit.<\/p>","button_label":"Shop TOOL ROOM DUAL CHAMBER FURNACES","button_link":"shopify:\/\/collections\/tool-room-dual-chamber-furnaces"}},"1531019496060":{"type":"text_block","settings":{"enable_image":true,"image":"shopify:\/\/shop_images\/MID-SIZE-HEAT-TREAT-FURNACES.jpg","title":"MID SIZE HEAT TREAT FURNACES","text":"<p>The Cress mid size tempering furnaces are designed for low temper draw or temper operations where loads are larger and heavier than those that can be addressed by the Bench Top units.<\/p>","button_label":"Shop MID SIZE HEAT TREAT FURNACES","button_link":"shopify:\/\/collections\/mid-size-heat-treat-furnaces"}},"1531019498603":{"type":"text_block","settings":{"enable_image":true,"image":"shopify:\/\/shop_images\/MID-SIZE-DUAL-CHAMBER-FURNACES.jpg","title":"MID SIZE DUAL CHAMBER FURNACES","text":"<p>The Cress mid size dual chamber furnaces are designed for those who require a large high temperature heat treat furnace plus a separate draw\/temperature furnace all within minimum floor space.&nbsp; The two chambers allow for immediate tempering or draw operations after quench without the wait period needed for a single chamber unit to cool to the lower temperature required.<\/p>","button_label":"","button_link":""}},"1531020518337":{"type":"text_block","settings":{"enable_image":true,"image":"shopify:\/\/shop_images\/LARGE-PRODUCTION-HEAT-TREAT-FURNACES.jpg","title":"LARGE PRODUCTION HEAT TREAT FURNACES","text":"<p>In this series the C30 and C36 models offer a larger capacity chamber for production loads where where temperatures up to 2250F are required.&nbsp; These units are supplied standard with side hinged doors, with an option for a vertical lift door offered.&nbsp; The C336 and C444 models in this series are the largest standard units offered, and can operate in the range from 200F to 1950F.&nbsp; In the C336 and C444 a 6-bladed axial flow fan is standard, to provide circulating air and close uniformity.&nbsp; An option for operation to 2250F is offered by use of 4-zone control in the place of the axial flow fan.&nbsp; Larger custom units can be quoted on request.<\/p>","button_label":"Shop LARGE PRODUCTION HEAT TREAT FURNACES","button_link":"shopify:\/\/collections\/large-production-heat-treat-furnaces"}},"1531020594096":{"type":"text_block","settings":{"enable_image":true,"image":"shopify:\/\/shop_images\/Cress-RF24-Detail-2-1-219x300.jpg","title":"DROP BOTTOM SOLUTION HEAT TREAT FURNACES","text":"<p>The Cress drop bottom units are designed for aluminum solution heat treatment, to a temperature of 1200F, and provide a temperature gradient of&nbsp;+5F or less.<\/p>","button_label":"Shop DROP BOTTOM SOLUTION HEAT TREAT FURNACES","button_link":"shopify:\/\/collections\/drop-bottom-solution-heat-treat-furnaces"}},"1531020616613":{"type":"text_block","settings":{"enable_image":true,"image":"shopify:\/\/shop_images\/TOP-LOADING-FURNACES.jpg","title":"TOP LOADING FURNACES","text":"<p>The Cress Top Loading Furnaces are designed primarily for annealing glass, or for bake-out applications, but can be used for a wide variety of applications where top-loading is required, at temperatures to 2250F.<\/p>","button_label":"Shop TOP LOADING FURNACES","button_link":"shopify:\/\/collections\/top-loading-furnaces"}},"1531020656839":{"type":"text_block","settings":{"enable_image":true,"image":"shopify:\/\/shop_images\/ASSAY-FURNACES.jpg","title":"ASSAY FURNACES","text":"<p>The Cress Assay furnaces are designed primarily for assaying mined materials in the lab or on the factory floor, where temperatures from 300F to 2250F are required.&nbsp; These units can also be used for a variety of other heat treat applications, and have embedded elements and a rear-mounted removal blower and duct system for removing outgas products.<\/p>","button_label":"Shop Assay Furnaces","button_link":"shopify:\/\/collections\/assay-furnaces"}}},"block_order":["1531019489154","1531019491293","1531019493925","1531019496060","1531019498603","1531020518337","1531020594096","1531020616613","1531020656839"],"settings":{"title":"","homepage_columns_color":"homepage--white","align_text":"text-center"}},"1531021926499":{"type":"index-banner-image","settings":{"image":"shopify:\/\/shop_images\/home_factory_subheader.jpg","height":"use_screen_one_third","overlay_opacity":55,"parallax":false,"title":"About EPS","description":"Since 1978, EPS has been a world leader in application engineering and sales of industrial ovens and heat treatment furnaces. We represent only the top manufacturers for laboratory, industrial, medical and pharmaceutical environments.\n\n \n\nWe also provide design assistance for custom industrial ovens of any size or complexity, cutting edge control and monitoring systems, as well as today’s new heat treatment and vacuum oven applications. We look forward to helping you with your equipment needs.","text_align":"text-center","color":"homepage--white","link_text":"Browse design samples","link":"shopify:\/\/pages\/engineered-product-sales","button_style":"btn btn--large btn--clear btn--square uppercase","button_image":""}},"CressManufacturing-Collections":{"type":"CressManufacturing-Collections","blocks":{"1534111547292":{"type":"text_block","settings":{"enable_image":true,"image":"shopify:\/\/shop_images\/BENCH-TOP-TEMPERING-FURNACES.jpg","title":"Bench Top Furnaces","text":"<p>Entry level furnaces ideal for most small jobs in tool rooms, laboratories, and production shops.<\/p>","button_label":"View Models","button_link":"shopify:\/\/pages\/bench-top-furnaces"}},"1534111579517":{"type":"text_block","settings":{"enable_image":true,"image":"shopify:\/\/shop_images\/MID-SIZE-HEAT-TREAT-FURNACES.jpg","title":"Mid-Size Furnaces","text":"<p>Made for larger volume jobs, these heavy duty furnaces have all-around heating within close gradients&nbsp;<\/p>","button_label":"View Models","button_link":"shopify:\/\/pages\/mid-size-furnaces"}},"1534111581059":{"type":"text_block","settings":{"enable_image":true,"image":"shopify:\/\/shop_images\/LARGE-PRODUCTION-HEAT-TREAT-FURNACES.jpg","title":"Large Furnaces","text":"<p>These large capacity furnaces feature an axial flow fan to circulate air for even heating.<\/p>","button_label":"View Models","button_link":"shopify:\/\/pages\/large-furnaces"}},"1534111582370":{"type":"text_block","settings":{"enable_image":true,"image":"shopify:\/\/shop_images\/TOOL-ROOM-DUAL-CHAMBER-FURNACES.jpg","title":"Dual Chamber Furnaces","text":"<p>With a minimal footprint, the two chamber design allows for immediate drawing after hardening and quenching.<\/p>","button_label":"View Models","button_link":"shopify:\/\/pages\/copy-of-large-furnaces"}},"1534111586434":{"type":"text_block","settings":{"enable_image":true,"image":"shopify:\/\/shop_images\/TOP-LOADING-FURNACES.jpg","title":"Glass and Quartz Annealing Furnaces","text":"<p>Providing controlled temperatures up to 2250F, these furnaces are ideal for annealing glass.<\/p>","button_label":"View Models","button_link":"https:\/\/epsovens.com\/collections\/cress-labs\/Glass-and-Quartz-Annealing-Furnaces+Glass-and-Quartz-Annealing-Furnace"}},"1534111589322":{"type":"text_block","settings":{"enable_image":true,"image":"shopify:\/\/shop_images\/Cress-RF24-Detail-2-1-219x300.jpg","title":"Aluminum Drop Bottom Furnaces","text":"<p>Designed for Aluminum heat treating, the bottom opening furnaces allow for&nbsp; quick quenching.<\/p>","button_label":"View Models","button_link":"https:\/\/epsovens.com\/collections\/cress-labs\/Aluminum-Drop-Bottom-Furnaces+Aluminum-Drop-Bottom-Furnace"}},"1531087138359":{"type":"text_block","settings":{"enable_image":true,"image":"shopify:\/\/shop_images\/cress-all-catalogues-2b.jpg","title":"Browse All Cress Furnaces","text":"<p>Shop all industrial furnaces from the cress brand.<\/p>","button_label":"View All Models","button_link":"shopify:\/\/collections\/cress-labs"}}},"block_order":["1534111547292","1534111579517","1534111581059","1534111582370","1534111586434","1534111589322","1531087138359"],"settings":{"title":"","homepage_columns_color":"homepage--white","align_text":"text-center"}},"1531085310743":{"type":"index-collection-grid","disabled":true,"blocks":{"1531085310743-0":{"type":"featured_collection","settings":{"collection":"cress-labs","title":"Cress Manufacturing","link_text":"View products"}},"1531085310743-1":{"type":"featured_collection","settings":{"collection":"shel-lab","title":"Shel Lab","link_text":"View products"}}},"block_order":["1531085310743-0","1531085310743-1"],"settings":{"title":"","grid":2,"homepage_collection_grid_color":"homepage--white","color":"homepage--white","button_style":"btn btn--clear btn--square uppercase","overlay_opacity":15}},"Gruenberg-Collections":{"type":"Gruenberg-Collections","blocks":{"1531086652327":{"type":"text_block","settings":{"enable_image":true,"image":"shopify:\/\/shop_images\/DEPYROGENATION-AND-STERILIZATION-OVENS.jpg","title":"DEPYROGENATION AND STERILIZATION OVENS","text":"<p>EPS offer the full line of Gruenberg depyrogenation and dry heat sterilizers ovens in cabinet style shelf-loaded or truck-in cart loaded styles, in both standard and custom sizes and configurations to fit the most demanding lab and clean room application requirements, where the oven is to be loaded and unloaded from the same side, or where the oven needs to be a pass-through configuration, where loading is done one side and unloaded is done on the other side in a clean room.&nbsp; The pass-through configurations are installed through a wall separating the loading room and clean room.<\/p>","button_label":"View models","button_link":"https:\/\/epsovens.com\/collections\/gruenberg\/DEPYROGENATION-AND-STERILIZATION-OVENS+DEPYROGENATION-AND-STERILIZATION-OVEN"}},"1531086653915":{"type":"text_block","settings":{"enable_image":true,"image":"shopify:\/\/shop_images\/GRANULATION-DRYING-OVENS.jpg","title":"GRANULATION DRYING OVENS","text":"<p>EPS offers a wide variety of custom granulation dryers for a wide variety of pharmaceutical preparations, including: Nutritional supplements, vitamins, minerals, etc.. Medicinal tablets and capsules. Capabilities to dry water and alcohol based preparations. Custom features to fit any application and loading configuration.<\/p>\n<p><\/p>\n<p>Contact us for more information on our custom granulation oven models and creating one for your company.<\/p>","button_label":"Contact Us","button_link":"shopify:\/\/pages\/contact-us"}},"1531086655093":{"type":"text_block","settings":{"enable_image":true,"image":"shopify:\/\/shop_images\/ShopAllButtonMedium.jpg","title":"Gruenberg","text":"<p>Shop all products from this manufacturer.<\/p>","button_label":"View all models","button_link":"shopify:\/\/collections\/gruenberg"}}},"block_order":["1531086652327","1531086653915","1531086655093"],"settings":{"title":"","homepage_columns_color":"homepage--white","align_text":"text-center"}},"ShelLabs-Collections":{"type":"ShelLabs-Collections","blocks":{"1531087289452":{"type":"text_block","settings":{"enable_image":true,"image":"shopify:\/\/shop_images\/FORCED-AIR-OVENS.jpg","title":"FORCED AIR OVENS","text":"<p>SHEL LAB forced air ovens utilize Horizontal Airflow to deliver superior performance. Achieve precise heating uniformity and constant air distribution with automatic controls.<\/p>","button_label":"View models","button_link":"https:\/\/epsovens.com\/collections\/shel-lab\/Forced-Air-Ovens+Forced-Air-Oven"}},"1531087329757":{"type":"text_block","settings":{"enable_image":true,"image":"shopify:\/\/shop_images\/VACUUM-OVENS.jpg","title":"VACUUM OVENS","text":"<p>SHEL LAB vacuum ovens provide quick and gentle drying. Ideal for heat sensitive samples. Cross-flow ventilation fills the chamber with inert gas and prevents residue build-up.<\/p>","button_label":"View models","button_link":"https:\/\/epsovens.com\/collections\/shel-lab\/Vacuum-Ovens+Vacuum-Oven"}},"1531087378087":{"type":"text_block","settings":{"enable_image":true,"image":"shopify:\/\/shop_images\/TEMPERATURE-HUMIDITY-CHAMBERS.jpg","title":"TEMPERATURE HUMIDITY CHAMBERS","text":"<p>SHEL LAB Humidity Test Cabinets have automated controls that maintain temperature and humidity. Easily duplicate natural conditions and test samples with complete control.<\/p>","button_label":"View models","button_link":"https:\/\/epsovens.com\/collections\/shel-lab\/Temperature-Humidity-Chambers+Temperature-Humidity-Chamber"}},"1531087402252":{"type":"text_block","settings":{"enable_image":true,"image":"shopify:\/\/shop_images\/GRAVITY-CONVECTION-OVENS.jpg","title":"GRAVITY CONVECTION OVENS","text":"<p>Gravity Convection&nbsp;Laboratory&nbsp;Ovens&nbsp;from&nbsp;Shel Lab&nbsp;have a triple wall construction and an adjustable air exhaust away from the heat source.&nbsp;These&nbsp;gravity convection oven&nbsp;provides a degree of uniformity comparable to most forced air&nbsp;ovens&nbsp;on the market.<\/p>","button_label":"View models","button_link":"https:\/\/epsovens.com\/collections\/shel-lab\/Gravity-Convection-Ovens+Gravity-Convection-Oven"}},"1531087405469":{"type":"text_block","settings":{"enable_image":true,"image":"shopify:\/\/shop_images\/CLEAN-ROOM-OVENS.jpg","title":"CLEAN ROOM OVENS","text":"<p>Our clean air ovens incorporate all the special features needed for high temperature clean room work, and are available in a broad array of sizes, styles and technology. Some of the key features include: Over Temperature Protection, Stainless Steel Construction, Nitrogen Purging, Horizontal Airflow, Adjustable Air Intakes, 24 Step ramps, Wrap Around insulation, LED Digital Displays, Heliarc Welds, High Temperature Seals<\/p>","button_label":"View models","button_link":"https:\/\/epsovens.com\/collections\/shel-lab\/Clean-Room-Oven+Clean-Room-Ovens"}},"1531087462218":{"type":"text_block","settings":{"enable_image":true,"image":"shopify:\/\/shop_images\/ShopAllButtonMedium.jpg","title":"Shel Lab","text":"<p>Shop all products from this manufacturer.<\/p>","button_label":"View All Models","button_link":"shopify:\/\/collections\/shel-lab"}}},"block_order":["1531087289452","1531087329757","1531087378087","1531087402252","1531087405469","1531087462218"],"settings":{"title":"","homepage_columns_color":"homepage--white","align_text":"text-center"}},"CascadeSciences-Collections":{"type":"CascadeSciences-Collections","blocks":{"1531087534142":{"type":"text_block","settings":{"enable_image":true,"image":"shopify:\/\/shop_images\/DRYING_AND_DECARB_OVENS_889cfd1f-2e4a-423e-8cd3-26b00f4217ab.jpg","title":"DRYING AND DECARB OVENS","text":"<p>Cascade Sciences not only offers the best vacuum ovens and purge equipment available, we&rsquo;ve done the work to put it all together for you.&nbsp;Our turnkey TWO, FIVE and TEN Vacuum Purge Packages contain everything you need in Cascade&rsquo;s most popular vacuum oven + pump + connection configurations.<\/p>","button_label":"View models","button_link":"https:\/\/epsovens.com\/collections\/cascade-sciences\/Drying-and-Decarb-Ovens+Drying-and-Decarb-Oven"}},"1531087535572":{"type":"text_block","settings":{"enable_image":true,"image":"shopify:\/\/shop_images\/VACUUM-PURGE-OVENS.jpg","title":"VACUUM PURGE OVENS","text":"<p>Cascade Sciences not only offers the best vacuum ovens and purge equipment available, we&rsquo;ve done the work to put it all together for you.&nbsp;Our turnkey TWO, FIVE and TEN Vacuum Purge Packages contain everything you need in Cascade&rsquo;s most popular vacuum oven + pump + connection configurations.<\/p>","button_label":"View models","button_link":"https:\/\/epsovens.com\/collections\/cascade-sciences\/Vacuum-Purge-Ovens+Vacuum-Purge-Oven"}},"1531087530958":{"type":"text_block","settings":{"enable_image":true,"image":"shopify:\/\/shop_images\/ShopAllButtonMedium.jpg","title":"Cascade Sciences","text":"<p>Shop all products from this manufacturer.<\/p>","button_label":"View All models","button_link":"shopify:\/\/collections\/cascade-sciences"}}},"block_order":["1531087534142","1531087535572","1531087530958"],"settings":{"title":"","homepage_columns_color":"homepage--white","align_text":"text-center"}},"Blue-M-Collections":{"type":"Blue-M-Collections","blocks":{"1531087581489":{"type":"text_block","settings":{"enable_image":true,"image":"shopify:\/\/shop_images\/MEDICAL-PHARMACEUTICAL-OVENS.jpg","title":"MEDICAL-PHARMACEUTICAL OVENS","text":"<p>EPS offers a full range of standard Blue M forced convection models.&nbsp; These include shelf-loaded and cart-loaded curing ovens for medical devices, medical implants and pharmaceutical applications in labs and clean rooms.&nbsp; These ovens utilize a high volume horizontal air recirculation system which maximizes temperature uniformity and performance.&nbsp; Optional items such as stainless steel shelves, viewing windows and data acquisition devices can be added to meet your processing needs.<\/p>","button_label":"View models","button_link":"https:\/\/epsovens.com\/collections\/blue-m\/Medical-Pharmaceutical-Ovens"}},"1531087575675":{"type":"text_block","settings":{"enable_image":true,"image":"shopify:\/\/shop_images\/ShopAllButtonMedium.jpg","title":"Blue M","text":"<p>Shop all products from this manufacturer.<\/p>","button_label":"View all models","button_link":"shopify:\/\/collections\/blue-m"}}},"block_order":["1531087581489","1531087575675"],"settings":{"title":"","homepage_columns_color":"homepage--white","align_text":"text-center"}},"CascadeTEK-Collections":{"type":"CascadeTEK-Collections","blocks":{"1531088246042":{"type":"text_block","settings":{"enable_image":true,"image":"shopify:\/\/shop_images\/Benchtop-forced-air.jpg","title":"Bench Top forced air","text":"<p>These ovens come with a turbo assisted airflow design coupled with heavy duty motors that provide exceptional temperature uniformity and quick recovery.With varying sizes and control features, our forced air product line offers several models to choose from. These ovens are perfect for drying and high volume sample applications, and come with features such as adjustable shelves, rear access, independent over-temp prtoection, soak controllers, and programmable Watlow controllers.<\/p>","button_label":"View models","button_link":"https:\/\/epsovens.com\/collections\/cascade-tek\/Bench-Top-Forced-Air-Oven+Bench-Top-Forced-Air-Ovens"}},"1531088355708":{"type":"text_block","settings":{"enable_image":true,"image":"shopify:\/\/shop_images\/Large-Capacity-Forced-Air.jpg","title":"Large Capacity Forced Air","text":"<p>Large Capacity Forced Air Drying Ovens for Drying, Curing and Burn-In. Ergonomic Design, Easy-View Controls and Added Storage.<\/p>","button_label":"View models","button_link":"https:\/\/epsovens.com\/collections\/cascade-tek\/Large-Capacity-Forced-Air-Ovens+Large-Capacity-Forced-Air-Oven"}},"1531088382949":{"type":"text_block","settings":{"enable_image":true,"image":"shopify:\/\/shop_images\/Vacuum-Drying.jpg","title":"Vacuum Drying","text":"<p>Let EPS help you develop the most simple &amp; efficient vacuum drying process for your parts. Ask about simple push button process automation, data-logging, out-gas analysis, traps or any other option you require.<br>Sold complete with pumps and connection kits, <br>Programmable temperature control &amp; digital overtemp protection, <br>Accommodates nitrogen\/inert gas purging\/venting<\/p>","button_label":"View models","button_link":"https:\/\/epsovens.com\/collections\/cascade-tek\/Vacuum-Drying-Oven+Vacuum-Drying-Ovens"}},"1531087615154":{"type":"text_block","settings":{"enable_image":true,"image":"shopify:\/\/shop_images\/ShopAllButtonMedium.jpg","title":"Cascade TEK","text":"<p>Shop all products from this manufacturer.<\/p>","button_label":"View all models","button_link":"shopify:\/\/collections\/cascade-tek"}}},"block_order":["1531088246042","1531088355708","1531088382949","1531087615154"],"settings":{"title":"","homepage_columns_color":"homepage--white","align_text":"text-center"}},"Manufacturers-Collections":{"type":"Manufacturers-Collections","blocks":{"1531089559241":{"type":"text_block","settings":{"enable_image":true,"image":"shopify:\/\/shop_images\/Cress_40a256af-0110-49e9-b758-6baba8f4aec0.jpg","title":"Cress Manufacturing","text":"<p>EPS has a long history carrying the complete line of Cress furnaces with a wide range of heat treating requirements for the laboratory, tool room and production floor. Our ongoing support for units in service has resulted in many repeat customers. And for many units we offer free freight.<\/p>","button_label":"View Models","button_link":"shopify:\/\/pages\/cress-manufacturing"}},"1531089596914":{"type":"text_block","settings":{"enable_image":true,"image":"shopify:\/\/shop_images\/ShelLabIcon.jpg","title":"SHEL LAB","text":"<p>EPS is fortunate to offer the most flexible, durable and reliable ovens on the market. We address laboratory, industrial and medical pharmaceutical markets, providing the best solutions available in a broad range of industries. Our Shel Lab units include many economical options too.<\/p>","button_label":"View Models","button_link":"shopify:\/\/pages\/shel-lab"}},"1531089690879":{"type":"text_block","settings":{"enable_image":true,"image":"shopify:\/\/shop_images\/cascade-sciences-squares.jpg","title":"CASCADE SCIENCES","text":"<p>EPS has teamed up with Cascade Sciences to address markets for forced convection drying and vacuum purging, with American-made systems among the most reliable in the industry. We provide guidance for processing, materials that can be processed, and other concerns in markets where our guidance has proven invaluable.<\/p>","button_label":"View Models","button_link":"shopify:\/\/pages\/cascade-sciences"}},"1531089626297":{"type":"text_block","settings":{"enable_image":true,"image":"shopify:\/\/shop_images\/gruenberg-square.jpg","title":"GRUENBERG","text":"<p>Over a long partnership, EPS and Gruenberg have concentrated in medical and pharmaceutical industries where custom configurations may be necessary to meet stringent requirements. In many cases, our units are now the standard. Applications vary, including curing and drying of medical devices, granulation drying for water-based and solvent-based materials, and sterilization and depyrogenation in demanding clean room environments.<\/p>","button_label":"View Models","button_link":"shopify:\/\/pages\/gruenberg"}},"1531089644291":{"type":"text_block","settings":{"enable_image":true,"image":"shopify:\/\/shop_images\/blue-m-square.jpg","title":"BLUE-M","text":"<p>EPS is privileged to offer the standard line of Blue M curing and drying ovens for a wide variety of medical and pharmaceutical applications in laboratory and clean room environments demanding top-of-the-line durable and reliable units. These units are installed alongside Gruenberg ovens in many applications to provide process curing prior to final sterilizing stages.<\/p>","button_label":"View Models","button_link":"shopify:\/\/pages\/blue-m"}},"1531089745588":{"type":"text_block","settings":{"enable_image":true,"image":"shopify:\/\/shop_images\/cascade-tek-square.jpg","title":"Cascade TEK","text":"","button_label":"View Models","button_link":"shopify:\/\/pages\/cascade-tek"}},"1531804383940":{"type":"text_block","settings":{"enable_image":true,"image":"shopify:\/\/shop_images\/eps-square.jpg","title":"Engineered Product Sale","text":"<p>As a supplier of ovens and furnaces for a wide variety of laboratory, industrial, pharmaceutical and medical applications, Engineered Product Sales Corp. is proud to offer expertise and guidance to address heat processing requirements with our own solutions built by our fabricating partners. Our wide range of units, from standard curing ovens to batch and continuous units, serve both standard and unique customer requirements.<\/p>","button_label":"View Models","button_link":"shopify:\/\/pages\/engineered-product-sales"}}},"block_order":["1531089559241","1531089596914","1531089690879","1531089626297","1531089644291","1531089745588","1531804383940"],"settings":{"title":"","homepage_columns_color":"homepage--white","align_text":"text-center"}},"EPS-Collections":{"type":"EPS-Collections","blocks":{"1531090190490":{"type":"text_block","settings":{"enable_image":true,"image":"shopify:\/\/shop_images\/Industrial-Annealing.jpg","title":"Industrial Annealing","text":"<p>Quality constructed furnaces from EPS offer superior performance in applications such as metal annealing, aluminum aging, stress relieving, austempering, normalizing, and other heavy heat treating applications.<\/p>\n<p>Our furnaces are built tough to endure time and use, and can be designed to specifically suit your needs. Steel construction, integrated controls, combustion or electric heating systems, live axels with variable frequency drive, all built to modern standards.<\/p>","button_label":"View models","button_link":"https:\/\/epsovens.com\/collections\/engineer-product-sales\/Industrial-Annealing"}},"1531090284406":{"type":"text_block","settings":{"enable_image":true,"image":"shopify:\/\/shop_images\/Industrial-Curing.jpg","title":"Industrial Curing","text":"<p>EPS custom curing ovens provide features and benefits useful to your industry specific needs, from various maximum temperatures to heavy duty machined construction. EPS curing ovens are manufactured to accommodate a wide variety of industrial applications while providing uniform air flow, and safety in functionality and operation. With state of the art construction and superior customer service, EPS will provide your company with the right curing oven that perfectly suits your needs and oven application requirements.&nbsp;<\/p>\n<p><\/p>","button_label":"View models","button_link":"https:\/\/epsovens.com\/collections\/engineer-product-sales\/Industrial-Curing"}},"1531090303789":{"type":"text_block","settings":{"enable_image":true,"image":"shopify:\/\/shop_images\/Industrial-Drying.jpg","title":"Industrial Drying","text":"<p>EPS has been a leader in application engineering and sales of industrial ovens and pharmaceutical ovens since 1978. Our capabilities include custom industrial oven manufacturing for batch and continuous style ovens. You will find in our oven catalog thermal processing solutions for curing, drying and annealing.&nbsp;<\/p>","button_label":"View models","button_link":"https:\/\/epsovens.com\/collections\/engineer-product-sales\/Industrial-Drying"}},"1531090321428":{"type":"text_block","settings":{"enable_image":true,"image":"shopify:\/\/shop_images\/Industrial-Heat-Treat.jpg","title":"Industrial Heat Treat","text":"<p>EPS has been a leader in application engineering and sales of industrial ovens and pharmaceutical ovens since 1978. Our capabilities include custom industrial oven manufacturing for batch and continuous style ovens. You will find in our oven catalog thermal processing solutions for curing, drying and annealing.<\/p>\n<p>EPS oven systems are installed in the U.S. and Internationally, including Indonesia, Singapore, Korea, Malaysia, China, Mexico, India, and others.<\/p>","button_label":"View models","button_link":"https:\/\/epsovens.com\/collections\/engineer-product-sales\/Industrial-Heat-Treat"}},"1531090496271":{"type":"text_block","settings":{"enable_image":true,"image":"shopify:\/\/shop_images\/Industrial-Conveyor.jpg","title":"Industrial Conveyor","text":"<p>These low profile conveyor ovens are intended for world-class manufacturing facilities where the appearance of the oven is as important as its function.<\/p>","button_label":"View models","button_link":"https:\/\/epsovens.com\/collections\/engineer-product-sales\/Industrial-Conveyor"}},"1531090545197":{"type":"text_block","settings":{"enable_image":true,"image":"shopify:\/\/shop_images\/eps-square.jpg","title":"Engineered Product Sales","text":"<p>Shop all EPS products.<\/p>","button_label":"View all models","button_link":"shopify:\/\/collections\/engineer-product-sales"}}},"block_order":["1531090190490","1531090284406","1531090303789","1531090321428","1531090496271","1531090545197"],"settings":{"title":"","homepage_columns_color":"homepage--white","align_text":"text-center"}},"1531096391506":{"type":"index-blog","disabled":true,"settings":{"title":"","homepage_blog":"heat-treat-headlines","homepage_blog_count":3,"homepage_blog_color":"homepage--white"}},"CressBenchTopFurnaces-Collections":{"type":"CressBenchTopFurnaces-Collections","blocks":{"1534113713593":{"type":"text_block","settings":{"enable_image":true,"image":"shopify:\/\/shop_images\/Bench_Top_Heat_Treat_Furnace_2.jpg","title":"Laboratory Furnaces","text":"<p>These furnaces come equipped with automatic temperature controls ideal for small jobs.<\/p>","button_label":"View Models","button_link":"https:\/\/epsovens.com\/collections\/cress-labs\/Bench-Top-Laboratory-Furnace+Bench-Top-Laboratory-Furnaces"}},"1534113717420":{"type":"text_block","settings":{"enable_image":true,"image":"shopify:\/\/shop_images\/Bench_Top_Heat_Treat_Furnace.jpg","title":"Heat Treat Furnaces","text":"<p>These general use furnaces operate within 300-2250F with a minimal footprint.<\/p>","button_label":"View Models","button_link":"https:\/\/epsovens.com\/collections\/cress-labs\/Bench-Top-Heat-Treat-Furnaces+Bench-Top-Heat-Treat-Furnace?_sc=1&design_theme_id=27889827955&frame_token=lrxfGgQ98ExSWUtlNSs7D3I5Jm6k9UQsiqKGpy8JToaX5l2wwmzHA3eyngnJHGjLYb4K_lf-SeFdV_t6__bCsgMESsPNM0oL8J8ZmD9GyMLtmtHnDSBP87L0AD6GIY7RYFL6F9mw245ap1nDkNaWLA%3D%3D"}},"1534113725685":{"type":"text_block","settings":{"enable_image":true,"image":"shopify:\/\/shop_images\/BENCH-TOP-TEMPERING-FURNACES.jpg","title":"Tempering Furnaces","text":"<p>Tempering Furnaces utilize a stainless steel fan for uniform forced convetion heating.<\/p>","button_label":"View Models","button_link":"https:\/\/epsovens.com\/collections\/cress-labs\/Bench-Top-Tempering-Furnaces+Bench-Top-Tempering-Furnace"}},"1534113730350":{"type":"text_block","settings":{"enable_image":true,"image":"shopify:\/\/shop_images\/Assaying_Furnace.jpg","title":"Assaying Furnaces","text":"<p>These furnaces are equipped with a back-vent and clean air blower to aid in the assaying process.<\/p>","button_label":"View Models","button_link":"https:\/\/epsovens.com\/collections\/cress-labs\/Bench-Top-Assaying-Furnaces+Bench-Top-Assaying-Furnace"}},"1534113732608":{"type":"text_block","settings":{"enable_image":true,"image":"shopify:\/\/shop_images\/Cress_b3904a78-0ec8-4e78-9a49-af04c9af30e7.jpg","title":"Browse All Bench Top Furnaces","text":"<p>Contact us for Free Freight for most Bench Top models!<\/p>","button_label":"View All Models","button_link":"https:\/\/epsovens.com\/collections\/cress-labs\/Bench-Top-Furnace+Bench-Top-Furnaces"}}},"block_order":["1534113713593","1534113717420","1534113725685","1534113730350","1534113732608"],"settings":{"title":"","homepage_columns_color":"homepage--white","align_text":"text-center"}},"CressMid-SizeFurnaces-Collections":{"type":"CressMid-SizeFurnaces-Collections","blocks":{"1534113782467":{"type":"text_block","settings":{"enable_image":true,"image":"shopify:\/\/shop_images\/MID-SIZE-HEAT-TREAT-FURNACES.jpg","title":"Heat Treat Furnaces","text":"<p>Equipped with High Temperature heating elements, these furnaces can handle your high volume tasks.<\/p>","button_label":"View Models","button_link":"https:\/\/epsovens.com\/collections\/cress-labs\/Mid-Sized-Heat-Treat-Furnaces+Mid-Sized-Heat-Treat-Furnace"}},"1534113785447":{"type":"text_block","settings":{"enable_image":true,"image":"shopify:\/\/shop_images\/Draw_Furnace.jpg","title":"Draw Furnaces","text":"<p>With all around heating elements, these units have fast heat up and excellent heat retention.<\/p>","button_label":"View Models","button_link":"https:\/\/epsovens.com\/collections\/cress-labs\/Mid-Size-Draw-Furnaces+Mid-Size-Draw-Furnace?_sc=1&design_theme_id=27889827955&frame_token=lrxfGgQ98ExSWUtlNSs7D3I5Jm6k9UQsiqKGpy8JToaX5l2wwmzHA3eyngnJHGjLYb4K_lf-SeFdV_t6__bCsgMESsPNM0oL8J8ZmD9GyMLtmtHnDSBP87L0AD6GIY7RYFL6F9mw245ap1nDkNaWLA%3D%3D"}},"1534113790052":{"type":"text_block","settings":{"enable_image":true,"image":"shopify:\/\/shop_images\/Cress_dd74087d-12a9-4ebe-9c4f-6654b4c4fa97.jpg","title":"Browse All Mid-Size Furnaces","text":"<p>Contact us for Free Freight for most Mid-Size Furnace models!<\/p>","button_label":"View All Models","button_link":"https:\/\/epsovens.com\/collections\/cress-labs\/Mid-Size-Furnaces+Mid-Size-Furnace"}}},"block_order":["1534113782467","1534113785447","1534113790052"],"settings":{"title":"","homepage_columns_color":"homepage--white","align_text":"text-center"}},"CressLargeFurnaces-Collections":{"type":"CressLargeFurnaces-Collections","blocks":{"1534113867071":{"type":"text_block","settings":{"enable_image":true,"image":"shopify:\/\/shop_images\/Cress_Large_Production_Heat_Treat_Furnace.jpg","title":"Heat Treat Furnaces","text":"<p>Large capacity Furnaces are equipped with a 6-blade axial flow fan for continuous uniform heating.<\/p>","button_label":"View Models","button_link":"https:\/\/epsovens.com\/collections\/cress-labs\/Large-Heat-Treat-Furnaces+Large-Heat-Treat-Furnace?nopreview"}},"1534113871966":{"type":"text_block","settings":{"enable_image":true,"image":"shopify:\/\/shop_images\/Cress_b3904a78-0ec8-4e78-9a49-af04c9af30e7.jpg","title":"Browse All Large Furnaces","text":"<p>Contact us for discounted Freight Shipping on our Large Furnaces.<\/p>","button_label":"View All Models","button_link":"https:\/\/epsovens.com\/collections\/cress-labs\/Large-Furnaces+Large-Furnaces?nopreview"}}},"block_order":["1534113867071","1534113871966"],"settings":{"title":"","homepage_columns_color":"homepage--white","align_text":"text-center"}},"CressDualChamberFurnaces-Collections":{"type":"CressDualChamberFurnaces-Collections","blocks":{"1534114392261":{"type":"text_block","settings":{"enable_image":true,"image":"shopify:\/\/shop_images\/MID-SIZE-DUAL-CHAMBER-FURNACES.jpg","title":"Mid Sized Dual Chamber Furnaces","text":"<p>Designed for people who want to draw and harden metals with a minimal footprint<\/p>","button_label":"View Models","button_link":"https:\/\/epsovens.com\/collections\/cress-labs\/Mid-Sized-Dual-Chamber-Furnaces?nopreview"}},"1534114379656":{"type":"text_block","settings":{"enable_image":true,"image":"shopify:\/\/shop_images\/Cress_40a256af-0110-49e9-b758-6baba8f4aec0.jpg","title":"Browse All Dual Chamber Furnaces","text":"<p>Contact us for Free Freight on most dual chamber furnaces.<\/p>","button_label":"View All Models","button_link":"https:\/\/epsovens.com\/collections\/cress-labs\/Dual-Chamber-Furnaces+Dual-Chamber-Furnace?nopreview"}}},"block_order":["1534114392261","1534114379656"],"settings":{"title":"","homepage_columns_color":"homepage--white","align_text":"text-center"}},"1534361118159":{"type":"index-double","blocks":{"1534361118159-0":{"type":"image","settings":{"image":"shopify:\/\/shop_images\/LanternTech-box2.jpg","overlay_opacity":0,"title":"","description":"","text_align":"text-center","color":"homepage--white","link_text":"","link":"","button_style":"btn btn--clear btn--square uppercase","button_image":""}},"1534361118159-1":{"type":"text","settings":{"title":"GIVING POWER OVER YOUR THINGS AND DATA","richtext":"<p>The world is&nbsp;filled with things and data and we make them talk through amazing software solutions on Internet of Things (IoT), Cognitive Computing and Machine Learning technologies<\/p>","text_align":"text-center","homepage_bg_color":"homepage--light","link_text":"Learn ABout IoT Monitoring","link":"shopify:\/\/pages\/lantern-technologies","button_style":"btn btn--clear btn--square uppercase"}}},"block_order":["1534361118159-0","1534361118159-1"],"settings":{"height":"use_screen_one_third"}}},"content_for_index":["index-banner-image","index-logos","1531009636605","1531085310743","1531021926499","1531096391506","1534361118159"]},"presets":{"Bright":{"color_account_bg":"#000000","color_account_text":"#ffffff","color_header_bg":"#ffffff","color_header_text":"#333333","color_body_bg":"#ffffff","color_body_text":"#000000","color_primary":"#333333","color_splash":"#1391a4","color_border":"#cccccc","homepage_background_light":"#f7f7f7","homepage_background_dark":"#2e3438","product_background_color":"#f6f6f6","product_slideshow_arrows":"#cccccc","color_footer_bg":"#f2f2f2","color_footer_text":"#333333","color_footer_social_link":"#2e3438","type_header_font":"oswald_n4","type_heading_size":100,"font_title_capitalize":true,"type_accent_font":"montserrat_n5","type_accent_size":100,"type_base_font":"sabon_next_n4","type_body_size":110,"collection_text_alignment":"text-center","product_grid_style":"hover","checkout_use_body_background_image":false,"checkout_body_background_color":"#fff","checkout_input_background_color_mode":"white","checkout_sidebar_background_color":"#fafafa","checkout_heading_font":"Helvetica Neue","checkout_body_font":"Helvetica Neue","checkout_accent_color":"#1391a4","checkout_button_color":"#1391a4","checkout_error_color":"#DE7878"},"Dark":{"color_account_bg":"#212121","color_account_text":"#d4d4d4","color_header_bg":"#353535","color_header_text":"#ffffff","color_body_bg":"#ffffff","color_body_text":"#3c3c3c","color_primary":"#000000","color_splash":"#e73131","color_border":"#cfcfcf","homepage_background_light":"#f7f7f7","homepage_background_dark":"#585858","product_background_color":"#ffffff","product_slideshow_arrows":"#cfcfcf","color_footer_bg":"#383838","color_footer_text":"#e3e3e3","color_footer_social_link":"#767676","type_header_font":"itc_caslon_no_224_n7","font_title_capitalize":false,"type_accent_font":"avenir_next_n4","type_base_font":"avenir_next_n4","type_body_size":100,"collection_text_alignment":"text-center","product_grid_style":"under","checkout_use_body_background_image":false,"checkout_body_background_color":"#fff","checkout_input_background_color_mode":"white","checkout_sidebar_background_color":"#fafafa","checkout_heading_font":"Open Sans","checkout_body_font":"Open Sans","checkout_accent_color":"#8b1e1e","checkout_button_color":"#e73131","checkout_error_color":"#ff862b"},"Light":{"color_account_bg":"#f3f3f3","color_account_text":"#656565","color_header_bg":"#ffffff","color_header_text":"#656565","color_body_bg":"#ffffff","color_body_text":"#656565","color_primary":"#585e71","color_splash":"#f4a482","color_border":"#f7f7f7","homepage_background_light":"#f7f7f7","homepage_background_dark":"#2e3438","product_background_color":"#FFFFFF","product_slideshow_arrows":"#cccccc","color_footer_bg":"#ffffff","color_footer_text":"#656565","color_footer_social_link":"#a9a9a9","type_header_font":"megrim_n4","font_title_capitalize":true,"type_accent_font":"questrial_n4","type_base_font":"harmonia_sans_n4","type_body_size":100,"collection_text_alignment":"text-center","product_grid_style":"hover","checkout_use_body_background_image":false,"checkout_body_background_color":"#fff","checkout_input_background_color_mode":"white","checkout_sidebar_background_color":"#fafafa","checkout_heading_font":"Helvetica Neue","checkout_body_font":"Helvetica Neue","checkout_accent_color":"#E37648","checkout_button_color":"#f4a482","checkout_error_color":"#585e71"}}}