{"current":{"color_account_bg":"#000000","color_account_text":"#ffffff","color_header_bg":"#ffffff","color_header_text":"#333333","color_body_bg":"#ffffff","color_body_text":"#000000","color_primary":"#333333","color_splash":"#1391a4","color_border":"#cccccc","homepage_background_light":"#f7f7f7","homepage_background_dark":"#2e3438","product_background_color":"#f6f6f6","product_slideshow_arrows":"#cccccc","color_footer_bg":"#f2f2f2","color_footer_text":"#333333","color_footer_social_link":"#2e3438","font_title":"google:sansStack:Oswald:400","font_title_capitalize":true,"font_accent":"google:sansStack:Montserrat:400","font_body":"google:sansStack:Lato:400","base_font_px":14,"cart_type":"modal","cart_show_on_click":true,"cart_vendor_enable":false,"cart_notes_enable":false,"cart_quantity":true,"cart_show_additional_buttons":true,"cart_continue_browsing":"shopify:\/\/collections\/all","collection_text_alignment":"text-center","product_grid_style":"hover","image_autoheight_enable":true,"tag_sellout":false,"tag_sale":false,"tag_new":false,"tag_new_limit":14,"twittercard_handle":"","social_twitter_link":"https:\/\/twitter.com\/AtaraOfficial","social_facebook_link":"https:\/\/facebook.com\/AtaraOfficial","social_instagram_link":"https:\/\/instagram.com\/ataracollections","social_pinterest_link":"","social_google_link":"","social_youtube_link":"","social_vimeo_link":"","social_tumblr_link":"","social_fancy_link":"","product_social_enable":true,"share_enable_facebook":true,"share_enable_twitter":true,"share_enable_pinterest":true,"share_enable_google":false,"social_home_image":"","favicon":"shopify:\/\/shop_images\/Atara-Logo-ImageOnly.png","checkout_header_image":"","checkout_logo_image":"","checkout_logo_position":"left","checkout_logo_size":"medium","checkout_body_background_image":"","checkout_body_background_color":"#fff","checkout_input_background_color_mode":"white","checkout_sidebar_background_image":"","checkout_sidebar_background_color":"#fafafa","checkout_heading_font":"Helvetica Neue","checkout_body_font":"Helvetica Neue","checkout_accent_color":"#1990c6","checkout_button_color":"#1990c6","checkout_error_color":"#ff6d6d","checkout_use_header_image":false,"checkout_logo":"","checkout_use_body_background_image":false,"checkout_use_sidebar_background_image":false,"sections":{"header":{"type":"header","settings":{"logo":"shopify:\/\/shop_images\/Atara-Logo-ImageOnly.png","logo_max_limit":250,"main_menu_linklist":"custom-menu","height":"header--medium","meganav_image":"shopify:\/\/shop_images\/Atara-Logo-ImageOnly.png","meganav_link":"","header_message":"$5.99 flat rate shipping on Domestic Orders, Free Shipping on orders $25 and higher!","header_message_url":"shopify:\/\/collections\/all","header_enable_account":true,"header_enable_search":true,"search_only_products":false}},"footer":{"type":"footer","blocks":{"text":{"type":"text","settings":{"title":"Welcome to Atara Collections","text":"<p>Atara's Collections&nbsp;stands behind the strength and beauty that comes with being a woman. We give vegan and cruelty free choices, options, and the ability to express oneself is always in the forefront of our minds, and we want to help give people options to help tell their stories.&nbsp;<\/p>"}},"newsletter":{"type":"newsletter","settings":{"text":"Sign up so you can stay updated on what we're doing, and where we'll be going!"}},"1529224984212":{"type":"linklist","settings":{"linklist":"faq"}}},"block_order":["text","newsletter","1529224984212"],"settings":{"footer_image":"","footer_secondary_linklist":"","footer_payment_enable":false,"footer_social_enable":true}},"product":{"type":"product","settings":{"product_breadcrumbs":true,"show_quantity":true,"product_nav_enable":true,"product_show_vendor":true,"zoom_enable":false,"related_products_enable":true,"product_reviews_enable":true,"info_page":"","tabs_position":"below"}},"collection":{"type":"collection","settings":{"grid_setting_large":4,"grid_setting_medium":2,"grid_setting_small":2,"collection_custom_nav_list":"","collection_standard_nav":false,"collection_type_nav":false,"collection_vendor_nav":false,"collection_tag_nav":false,"collection_sorting":false,"image_height":"use_screen_one_third","overlay_opacity":0,"text_color":"homepage--dark","parallax":true}},"blog":{"type":"blog","settings":{"layout":"grid","blog_show_meta":true,"image":"","overlay_opacity":0,"text_color":"homepage--light","parallax":true,"tags":false}},"article":{"type":"article","settings":{"blog_show_meta":true,"tags":true,"social":true,"image_height":"use_screen_one_third","parallax":true,"sidebar_tags":true,"recent":true}},"index-banner-image":{"type":"index-banner-image","settings":{"image":"shopify:\/\/shop_images\/22950399_xxl.jpg","height":"use_screen_full","overlay_opacity":50,"parallax":true,"title":"Atara's Collections","description":"Whether you'\nre an expert at makeup, or only just beginning, we want to help you achieve the goals you have put in front of you. Be  confident, be beautiful, be the queen you have always known you are, and let it be displayed on the outside. Pick from our crown collection.","text_align":"text-center","color":"homepage--white","link_text":"","link":"","button_style":"btn btn--large btn--clear btn--square uppercase","button_image":""}},"index-product":{"type":"index-product","settings":{"title":"Featured product","home_product":"","homepage_product_color":"homepage--white","show_quantity":true,"product_show_vendor":false,"zoom_enable":false,"info_page":"","tabs_position":"below"}},"index-collection":{"type":"index-collection","settings":{"title":"The Goddess Collection","collection":"the-goddess-collection","grid":4,"rows":2,"homepage_collection_color":"homepage--white","show_view_all":true}},"index-instagram":{"type":"index-instagram","settings":{"title":"Tag us on Instagram for a chance to be retweeted!","homepage_instagram_color":"homepage--white","token":"7160996804.b534787.3d71e6dcab974bcabe12a09c222b22ed","instagram_photo_count":6,"instagram_grid_setting_large":6,"instagram_grid_setting_medium":3,"instagram_grid_setting_small":3}},"index-collection-grid":{"type":"index-collection-grid","blocks":{"index-collection-grid-2":{"type":"featured_collection","settings":{"collection":"flatter-lashes","title":"Flatter","link_text":"View the collection"}},"index-collection-grid-1":{"type":"featured_collection","settings":{"collection":"enhance-lashes","title":"Enhance","link_text":"View the collection"}},"index-collection-grid-0":{"type":"featured_collection","settings":{"collection":"drama-lashes","title":"Drama","link_text":"View the collection"}}},"block_order":["index-collection-grid-2","index-collection-grid-1","index-collection-grid-0"],"settings":{"title":"","grid":3,"homepage_collection_grid_color":"homepage--white","color":"homepage--white","button_style":"btn btn--clear btn--square uppercase","overlay_opacity":15}},"index-double":{"type":"index-double","disabled":true,"blocks":{"index-double-0":{"type":"image","settings":{"image":"shopify:\/\/shop_images\/Nyx_-_2.jpg","overlay_opacity":0,"title":"","description":"","text_align":"text-center","color":"homepage--white","link_text":"","link":"","button_style":"btn btn--clear btn--square uppercase","button_image":""}},"index-double-1":{"type":"text","settings":{"title":"Nyx, The Goddess of the Night","richtext":"<p>Known as the Greek personification of the Night, Nyx stands as one of the original Goddesses, direct daughter of the the Gods that are known to be the origin of Greek Mythology.&nbsp;<\/p>","text_align":"text-center","homepage_bg_color":"homepage--light","link_text":"","link":"","button_style":"btn btn--clear btn--square uppercase"}}},"block_order":["index-double-0","index-double-1"],"settings":{"height":"use_screen_one_half"}},"index-double-two":{"type":"index-double","disabled":true,"blocks":{"index-double-two-1":{"type":"text","settings":{"title":"Bring some class to your collection","richtext":"<p>We have a variety of options in makeup accessories that will assist you in inspiring others.&nbsp;<\/p>","text_align":"text-center","homepage_bg_color":"homepage--light","link_text":"","link":"","button_style":"btn btn--clear btn--square uppercase"}},"index-double-two-0":{"type":"image","settings":{"image":"shopify:\/\/shop_images\/best-makeup-bag-feature.jpg","overlay_opacity":15,"title":"","description":"","text_align":"text-center","color":"homepage--white","link_text":"","link":"","button_style":"btn btn--clear btn--square uppercase","button_image":""}}},"block_order":["index-double-two-1","index-double-two-0"],"settings":{"height":"use_screen_one_half"}},"index-logos":{"type":"index-logos","blocks":{"1531269155277":{"type":"logo_image","settings":{"image":"shopify:\/\/shop_images\/Valuesetters.png","link":"https:\/\/valuesetters.com\/"}},"1531269183972":{"type":"logo_image","settings":{"image":"shopify:\/\/shop_images\/Wf1.png","link":"https:\/\/womenforone.com\/"}},"index-logos-2":{"type":"logo_image","settings":{"image":"shopify:\/\/shop_images\/Logo-Converted-NoOutline.png","link":"http:\/\/mccapitalventures.com\/"}},"1531269196039":{"type":"logo_image","settings":{"image":"shopify:\/\/shop_images\/WWW_Final_no_background.png","link":"https:\/\/whatwomenwantconf.com\/"}},"1531931880304":{"type":"logo_image","settings":{"image":"shopify:\/\/shop_images\/CrueltyFreeVeganLogo_CMYK.png","link":""}}},"block_order":["1531269155277","1531269183972","index-logos-2","1531269196039","1531931880304"],"settings":{"title":"Companies we love!","homepage_logos_bg_color":"homepage--light"}},"1529096302895":{"type":"index-columns","disabled":true,"blocks":{"1529096302895-0":{"type":"text_block","settings":{"enable_image":true,"image":"","title":"Add a title or tagline","text":"<p>Share blog posts, products, or promotions with your customers. Use this text to describe products, share details on availability and style, or as a space to display recent reviews or FAQs.<\/p>","button_label":"","button_link":""}},"1529096302895-1":{"type":"text_block","settings":{"enable_image":true,"image":"","title":"Add a title or tagline","text":"<p>Share blog posts, products, or promotions with your customers. Use this text to describe products, share details on availability and style, or as a space to display recent reviews or FAQs.<\/p>","button_label":"","button_link":""}},"1529096302895-2":{"type":"text_block","settings":{"enable_image":true,"image":"","title":"Add a title or tagline","text":"<p>Share blog posts, products, or promotions with your customers. Use this text to describe products, share details on availability and style, or as a space to display recent reviews or FAQs.<\/p>","button_label":"","button_link":""}},"1529096330826":{"type":"text_block","settings":{"enable_image":true,"image":"","title":"Add a title or tagline","text":"<p>Share blog posts, products, or promotions with your customers. Use this text to describe products, share details on availability and style, or as a space to display recent reviews or FAQs.<\/p>","button_label":"","button_link":""}}},"block_order":["1529096302895-0","1529096302895-1","1529096302895-2","1529096330826"],"settings":{"title":"Text columns with images","homepage_columns_color":"homepage--white","align_text":"text-center"}},"1531932326894":{"type":"index-columns","blocks":{"1531932326894-0":{"type":"text_block","settings":{"enable_image":true,"image":"shopify:\/\/shop_images\/Julie_Flatter.jpg","title":"Flatter","text":"<p>Our \"smallest\" style of eyelashes. Meant to blend in and subtly flatter your natural features.&nbsp;We wanted to make sure that you could choose to wear eyelashes, even if you had less eyelid space, or just wanted to go for the natural look.&nbsp;For those who do not always want intense lashes.<\/p>","button_label":"","button_link":""}},"1531932326894-1":{"type":"text_block","settings":{"enable_image":true,"image":"shopify:\/\/shop_images\/Roxanne-Enhance_0527cc4c-2ba8-4bca-b1ff-7bc98649c322.jpg","title":"Enhance","text":"<p>Choose the road in the middle with our \"medium\" sized eyelashes, meant to enhance the image you want to portray.&nbsp; These, like the Flatter, are an alternative if you want a little more out of your eyelashes, but have less eyelid space.&nbsp;<\/p>","button_label":"","button_link":""}},"1531932326894-2":{"type":"text_block","settings":{"enable_image":true,"image":"shopify:\/\/shop_images\/Cathy-Drama.jpg","title":"Drama","text":"<p>Dress to impress, and without a doubt, draw attention to your eyes with our Drama lashes, the \"large\" of the trio. Whether you want to go have a fun night out, or getting ready for some Instagram selfies, these lashes will definitely catch everyone's attention.<\/p>","button_label":"","button_link":""}}},"block_order":["1531932326894-0","1531932326894-1","1531932326894-2"],"settings":{"title":"We have Three different styles, just for you!","homepage_columns_color":"homepage--white","align_text":"text-center"}}},"content_for_index":["index-banner-image","1531932326894","index-collection-grid","index-collection","index-instagram","index-double","index-double-two","index-logos","1529096302895"]},"presets":{"Bright":{"color_account_bg":"#000000","color_account_text":"#ffffff","color_header_bg":"#ffffff","color_header_text":"#333333","color_body_bg":"#ffffff","color_body_text":"#000000","color_primary":"#333333","color_splash":"#1391a4","color_border":"#cccccc","homepage_background_light":"#f7f7f7","homepage_background_dark":"#2e3438","product_background_color":"#f6f6f6","product_slideshow_arrows":"#cccccc","color_footer_bg":"#f2f2f2","color_footer_text":"#333333","color_footer_social_link":"#2e3438","font_title":"google:sansStack:Oswald:400","font_title_capitalize":true,"font_accent":"google:sansStack:Montserrat:400","font_body":"google:serifStack:PT+Serif:400","base_font_px":14,"collection_text_alignment":"text-center","product_grid_style":"hover","image_autoheight_enable":true,"cart_type":"modal","cart_show_on_click":true,"cart_vendor_enable":false,"cart_notes_enable":false,"cart_show_additional_buttons":true,"cart_continue_browsing":"shopify:\/\/collections\/all","twittercard_handle":"","social_twitter_link":"","social_facebook_link":"","social_instagram_link":"","social_pinterest_link":"","social_google_link":"","social_youtube_link":"","social_vimeo_link":"","social_tumblr_link":"","social_fancy_link":"","product_social_enable":false,"share_enable_facebook":true,"share_enable_twitter":true,"share_enable_pinterest":true,"share_enable_google":false,"favicon":"","checkout_use_header_image":false,"checkout_header_image":"","checkout_logo":"","checkout_logo_image":"","checkout_logo_position":"left","checkout_logo_size":"medium","checkout_use_body_background_image":false,"checkout_body_background_image":"","checkout_body_background_color":"#fff","checkout_input_background_color_mode":"white","checkout_use_sidebar_background_image":false,"checkout_sidebar_background_image":"","checkout_sidebar_background_color":"#fafafa","checkout_heading_font":"Helvetica Neue","checkout_body_font":"Helvetica Neue","checkout_accent_color":"#1990C6","checkout_button_color":"#1990C6","checkout_error_color":"#ff6d6d"},"Dark":{"color_account_bg":"#1d1d1d","color_account_text":"#afafaf","color_header_bg":"#000000","color_header_text":"#ffffff","color_body_bg":"#ffffff","color_body_text":"#000000","color_primary":"#000000","color_splash":"#e73131","color_border":"#cfcfcf","homepage_background_light":"#f7f7f7","homepage_background_dark":"#2e3438","product_background_color":"#cfcfcf","product_slideshow_arrows":"#cfcfcf","color_footer_bg":"#0e0d0d","color_footer_text":"#ffffff","color_footer_social_link":"#bebebe","font_title":"google:sansStack:PT+Mono:400","font_title_capitalize":false,"font_accent":"google:sansStack:PT+Mono:400","font_body":"google:sansStack:PT+Mono:400","base_font_px":14,"collection_text_alignment":"text-center","product_grid_style":"under","image_autoheight_enable":true,"cart_type":"modal","cart_show_on_click":true,"cart_vendor_enable":false,"cart_notes_enable":false,"cart_show_additional_buttons":true,"cart_continue_browsing":"shopify:\/\/collections\/all","twittercard_handle":"","social_twitter_link":"","social_facebook_link":"","social_instagram_link":"","social_pinterest_link":"","social_google_link":"","social_youtube_link":"","social_vimeo_link":"","social_tumblr_link":"","social_fancy_link":"","product_social_enable":false,"share_enable_facebook":true,"share_enable_twitter":true,"share_enable_pinterest":true,"share_enable_google":false,"favicon":"","checkout_use_header_image":false,"checkout_header_image":"","checkout_logo":"","checkout_logo_image":"","checkout_logo_position":"left","checkout_logo_size":"medium","checkout_use_body_background_image":false,"checkout_body_background_image":"","checkout_body_background_color":"#fff","checkout_input_background_color_mode":"white","checkout_use_sidebar_background_image":false,"checkout_sidebar_background_image":"","checkout_sidebar_background_color":"#fafafa","checkout_heading_font":"Helvetica Neue","checkout_body_font":"Helvetica Neue","checkout_accent_color":"#1990C6","checkout_button_color":"#1990C6","checkout_error_color":"#ff6d6d"},"Light":{"color_account_bg":"#f3f3f3","color_account_text":"#656565","color_header_bg":"#ffffff","color_header_text":"#656565","color_body_bg":"#ffffff","color_body_text":"#656565","color_primary":"#585e71","color_splash":"#f4a482","color_border":"#f7f7f7","homepage_background_light":"#f7f7f7","homepage_background_dark":"#2e3438","product_background_color":"#FFFFFF","product_slideshow_arrows":"#cccccc","color_footer_bg":"#ffffff","color_footer_text":"#656565","color_footer_social_link":"#a9a9a9","font_title":"google:sansStack:Megrim:400","font_title_capitalize":true,"font_accent":"google:sansStack:Questrial:400","font_body":"google:sansStack:Abel:400","base_font_px":14,"collection_text_alignment":"text-center","product_grid_style":"hover","image_autoheight_enable":true,"cart_type":"modal","cart_show_on_click":true,"cart_vendor_enable":false,"cart_notes_enable":false,"cart_show_additional_buttons":true,"cart_continue_browsing":"shopify:\/\/collections\/all","twittercard_handle":"","social_twitter_link":"","social_facebook_link":"","social_instagram_link":"","social_pinterest_link":"","social_google_link":"","social_youtube_link":"","social_vimeo_link":"","social_tumblr_link":"","social_fancy_link":"","product_social_enable":false,"share_enable_facebook":true,"share_enable_twitter":true,"share_enable_pinterest":true,"share_enable_google":false,"favicon":"","checkout_use_header_image":false,"checkout_header_image":"","checkout_logo":"","checkout_logo_image":"","checkout_logo_position":"left","checkout_logo_size":"medium","checkout_use_body_background_image":false,"checkout_body_background_image":"","checkout_body_background_color":"#fff","checkout_input_background_color_mode":"white","checkout_use_sidebar_background_image":false,"checkout_sidebar_background_image":"","checkout_sidebar_background_color":"#fafafa","checkout_heading_font":"Helvetica Neue","checkout_body_font":"Helvetica Neue","checkout_accent_color":"#1990C6","checkout_button_color":"#1990C6","checkout_error_color":"#ff6d6d"}}}