{"current":{"color_account_bg":"#232323","color_account_text":"#ffffff","color_header_bg":"#373737","color_header_text":"#ffffff","color_body_bg":"#ffffff","color_body_text":"#000000","color_primary":"#333333","color_splash":"#1391a4","color_border":"#cccccc","homepage_background_light":"#f7f7f7","homepage_background_dark":"#2e3438","product_background_color":"#f6f6f6","product_slideshow_arrows":"#cccccc","color_footer_bg":"#242424","color_footer_text":"#ebebeb","color_footer_social_link":"#ffffff","type_header_font":"oswald_n4","type_heading_size":100,"font_title_capitalize":true,"type_accent_font":"montserrat_n5","type_accent_size":100,"type_base_font":"sabon_next_n4","type_body_size":110,"cart_type":"modal","cart_show_on_click":true,"cart_vendor_enable":false,"cart_notes_enable":false,"cart_quantity":true,"cart_show_additional_buttons":false,"cart_continue_browsing":"shopify:\/\/collections\/all","collection_text_alignment":"text-center","product_grid_style":"hover","image_hover_enable":true,"image_autoheight_enable":true,"tag_sellout":false,"tag_sale":true,"tag_new":false,"tag_new_limit":14,"social_twitter_link":"","social_facebook_link":"","social_instagram_link":"","social_pinterest_link":"","social_google_link":"","social_youtube_link":"","social_vimeo_link":"","social_tumblr_link":"","social_fancy_link":"","product_social_enable":false,"share_enable_facebook":true,"share_enable_pinterest":true,"share_enable_google":false,"share_enable_twitter":true,"twittercard_handle":"","social_home_image":"","favicon":"shopify:\/\/shop_images\/IsVpjVWS_400x400_be7c210d-c204-4a4d-b43d-8935cd5d96bc.png","checkout_header_image":"","checkout_logo_image":"","checkout_logo_position":"left","checkout_logo_size":"medium","checkout_body_background_image":"","checkout_body_background_color":"#fff","checkout_input_background_color_mode":"white","checkout_sidebar_background_image":"","checkout_sidebar_background_color":"#fafafa","checkout_heading_font":"Helvetica Neue","checkout_body_font":"Helvetica Neue","checkout_accent_color":"#1391a4","checkout_button_color":"#1391a4","checkout_error_color":"#de7878","checkout_use_header_image":false,"checkout_logo":"","checkout_use_body_background_image":false,"checkout_use_sidebar_background_image":false,"sections":{"header":{"type":"header","settings":{"logo":"","logo_max_limit":265,"main_menu_linklist":"main-menu","height":"header--medium","meganav_image":"","meganav_link":"","header_message":"15% the whole website, for Black Friday!","header_message_url":"","header_enable_account":true,"header_enable_search":true,"search_only_products":true}},"footer":{"type":"footer","blocks":{"linklist":{"type":"linklist","settings":{"linklist":"main-menu"}},"text":{"type":"text","settings":{"title":"Text column","text":"<p>Share store details, promotions, or brand content with your customers.<\/p>"}},"newsletter":{"type":"newsletter","settings":{"richtext":"<p>Join to get special offers, free giveaways, and once-in-a-lifetime deals.<\/p>"}}},"block_order":["linklist","text","newsletter"],"settings":{"footer_image":"","footer_secondary_linklist":"footer","footer_payment_enable":true,"footer_social_enable":true}},"product":{"type":"product","settings":{"product_breadcrumbs":true,"show_price_above":true,"form_position":"below","show_quantity":true,"enable_payment_button":false,"product_show_vendor":false,"zoom_enable":false,"related_products_enable":true,"product_reviews_enable":true,"info_page":"","tabs_position":"below"}},"collection":{"type":"collection","settings":{"grid_setting_large":4,"grid_setting_medium":2,"grid_setting_small":2,"collection_sorting":false,"align_text":"text-center","show_title":true,"show_title_below":false,"show_description":true,"show_description_below":false,"description_font_size":"rte rte--large","show_image":true,"image_height":"use_screen_one_third","overlay_opacity":0,"text_color":"homepage--dark","parallax":true,"hide_sidebar":false,"collection_custom_nav_list":"","collection_standard_nav":false,"collection_tag_nav":false}},"blog":{"type":"blog","settings":{"layout":"grid","blog_show_meta":true,"image":"","overlay_opacity":0,"text_color":"homepage--light","parallax":true,"tags":false}},"article":{"type":"article","settings":{"blog_show_meta":true,"tags":true,"social":true,"image_height":"use_screen_one_third","parallax":true,"sidebar_tags":true,"recent":true}},"index-product":{"type":"index-product","settings":{"title":"Featured product","home_product":"","homepage_product_color":"homepage--white","show_quantity":true,"enable_payment_button":false,"product_show_vendor":false,"zoom_enable":false,"info_page":"","tabs_position":"below"}},"index-video":{"type":"index-video","settings":{"image":"shopify:\/\/shop_images\/weistec_main_50.jpg","video_link":"https:\/\/www.youtube.com\/watch?v=SEyKEh_qdRg","height":"use_screen_full","overlay_opacity":15,"autoplay":true,"show_play":true,"parallax":false,"title":"Black Friday Deals","description":"Take 15% our entire website for Black Friday!","text_align":"text-center","color":"homepage--white","button_image":""}},"index-instagram":{"type":"index-instagram","settings":{"title":"Instagram","homepage_instagram_color":"homepage--white","token":"1437578799.b534787.deec921971d549cc84bba8ffaed980ba","instagram_photo_count":6,"instagram_grid_setting_large":6,"instagram_grid_setting_medium":3,"instagram_grid_setting_small":3}},"index-blog":{"type":"index-blog","settings":{"title":"News","homepage_blog":"news","homepage_blog_count":2,"homepage_blog_color":"homepage--white","height":300}},"index-logos":{"type":"index-logos","blocks":{"index-logos-0":{"type":"logo_image","settings":{"image":"shopify:\/\/shop_images\/Mercedez.png","link":"shopify:\/\/collections\/mercedez-benz"}},"index-logos-1":{"type":"logo_image","settings":{"image":"shopify:\/\/shop_images\/BMW-2_a4ea8b2d-1e91-4dbc-8f92-6cd61aeeef3b.png","link":"shopify:\/\/collections\/bmw"}},"index-logos-2":{"type":"logo_image","settings":{"image":"shopify:\/\/shop_images\/McLaren.png","link":"shopify:\/\/collections\/mclaren"}},"index-logos-3":{"type":"logo_image","settings":{"image":"shopify:\/\/shop_images\/Pagani.png","link":"shopify:\/\/collections\/pagani"}},"index-logos-4":{"type":"logo_image","settings":{"image":"shopify:\/\/shop_images\/header_e211d368-98b0-497d-99e7-bbac71071ee4.png","link":"shopify:\/\/collections\/weistec"}}},"block_order":["index-logos-0","index-logos-1","index-logos-2","index-logos-3","index-logos-4"],"settings":{"title":"","homepage_logos_bg_color":"homepage--light"}},"index-map":{"type":"index-map","settings":{"height":"use_screen_one_half","heading":"Weistec Engineering","address":"<p>1266 N La Loma Cir,<\/p>\n<p>Anaheim, CA 92806<\/p>\n<p><\/p>\n<p>Mon - Fri, 8am - 5pm<\/p>","button":"Directions","button_style":"btn btn--clear btn--square uppercase","homepage_bg_color":"homepage--light","api_key":"","map_address":"1266 N La Loma Cir, Anaheim, CA 92806","image":"shopify:\/\/shop_images\/weistecmap.PNG"}},"1543284864573":{"type":"index-page","settings":{"home_page_content":"passion-in-design","home_page_show_title":true,"homepage_page_color":"homepage--white"}},"1543286763039":{"type":"index-columns","blocks":{"1543286763039-0":{"type":"text_block","settings":{"enable_image":true,"image":"shopify:\/\/shop_images\/textcol1.PNG","title":"WEISTEC SLR BITURBO SYSTEM","text":"","button_label":"Watch Now","button_link":"https:\/\/www.youtube.com\/watch?v=py4P_9vLqmA"}},"1543286763039-1":{"type":"text_block","settings":{"enable_image":true,"image":"shopify:\/\/shop_images\/textcol2.PNG","title":"MCLAREN 570S W900","text":"","button_label":"Watch Now","button_link":"https:\/\/www.youtube.com\/watch?v=_kfMo63TW54"}},"1543286763039-2":{"type":"text_block","settings":{"enable_image":true,"image":"shopify:\/\/shop_images\/textcol4.PNG","title":"Weistec F10 M5 Dyno Tune","text":"","button_label":"Watch Now","button_link":"https:\/\/www.youtube.com\/watch?v=f7xG-_5lANo"}}},"block_order":["1543286763039-0","1543286763039-1","1543286763039-2"],"settings":{"title":"Videos","homepage_columns_color":"homepage--white","align_text":"text-center"}},"1543287326379":{"type":"index-banner-image","settings":{"image":"shopify:\/\/shop_images\/weistec_main_65_15db5ef6-c54b-4fe0-8db1-90d2cd2b52ec.jpg","height":"use_screen_two_thirds","overlay_opacity":60,"parallax":false,"title":"CYPHER","description":"Cypher BMW Remote Programmer","text_align":"text-center","color":"homepage--white","link_text":"Learn More","link":"shopify:\/\/pages\/passion-in-design","button_style":"btn btn--large btn--clear btn--square uppercase","button_image":""}},"list-collections":{"type":"list-collections","settings":{"display_type":"all","grid":6,"rows":1}}},"content_for_index":["index-video","1543284864573","index-logos","1543286763039","1543287326379","index-blog","index-instagram","index-map"]},"presets":{"Light":{"color_account_bg":"#f3f3f3","color_account_text":"#656565","color_header_bg":"#ffffff","color_header_text":"#656565","color_body_bg":"#ffffff","color_body_text":"#656565","color_primary":"#585e71","color_splash":"#f4a482","color_border":"#f7f7f7","homepage_background_light":"#f7f7f7","homepage_background_dark":"#2e3438","product_background_color":"#FFFFFF","product_slideshow_arrows":"#cccccc","color_footer_bg":"#ffffff","color_footer_text":"#656565","color_footer_social_link":"#a9a9a9","type_header_font":"megrim_n4","font_title_capitalize":true,"type_accent_font":"questrial_n4","type_base_font":"harmonia_sans_n4","type_body_size":100,"collection_text_alignment":"text-center","product_grid_style":"hover","checkout_use_body_background_image":false,"checkout_body_background_color":"#fff","checkout_input_background_color_mode":"white","checkout_sidebar_background_color":"#fafafa","checkout_heading_font":"Helvetica Neue","checkout_body_font":"Helvetica Neue","checkout_accent_color":"#E37648","checkout_button_color":"#f4a482","checkout_error_color":"#585e71"},"Bright":{"color_account_bg":"#000000","color_account_text":"#ffffff","color_header_bg":"#ffffff","color_header_text":"#333333","color_body_bg":"#ffffff","color_body_text":"#000000","color_primary":"#333333","color_splash":"#1391a4","color_border":"#cccccc","homepage_background_light":"#f7f7f7","homepage_background_dark":"#2e3438","product_background_color":"#f6f6f6","product_slideshow_arrows":"#cccccc","color_footer_bg":"#f2f2f2","color_footer_text":"#333333","color_footer_social_link":"#2e3438","type_header_font":"oswald_n4","type_heading_size":100,"font_title_capitalize":true,"type_accent_font":"montserrat_n5","type_accent_size":100,"type_base_font":"sabon_next_n4","type_body_size":110,"collection_text_alignment":"text-center","product_grid_style":"hover","checkout_use_body_background_image":false,"checkout_body_background_color":"#fff","checkout_input_background_color_mode":"white","checkout_sidebar_background_color":"#fafafa","checkout_heading_font":"Helvetica Neue","checkout_body_font":"Helvetica Neue","checkout_accent_color":"#1391a4","checkout_button_color":"#1391a4","checkout_error_color":"#DE7878"},"Dark":{"color_account_bg":"#212121","color_account_text":"#d4d4d4","color_header_bg":"#353535","color_header_text":"#ffffff","color_body_bg":"#ffffff","color_body_text":"#3c3c3c","color_primary":"#000000","color_splash":"#e73131","color_border":"#cfcfcf","homepage_background_light":"#f7f7f7","homepage_background_dark":"#585858","product_background_color":"#ffffff","product_slideshow_arrows":"#cfcfcf","color_footer_bg":"#383838","color_footer_text":"#e3e3e3","color_footer_social_link":"#767676","type_header_font":"itc_caslon_no_224_n7","font_title_capitalize":false,"type_accent_font":"avenir_next_n4","type_base_font":"avenir_next_n4","type_body_size":100,"collection_text_alignment":"text-center","product_grid_style":"under","checkout_use_body_background_image":false,"checkout_body_background_color":"#fff","checkout_input_background_color_mode":"white","checkout_sidebar_background_color":"#fafafa","checkout_heading_font":"Open Sans","checkout_body_font":"Open Sans","checkout_accent_color":"#8b1e1e","checkout_button_color":"#e73131","checkout_error_color":"#ff862b"}}}